Workbook

Sheet Dashboard
A1: Cultural Spec — Live Dashboard
A2: Auto-updates from Field Tracker. Don't edit cells with formulas — just change Status / Phase on the Field Tracker tab and these update.
A4: =COUNTA('Field Tracker'!D5:D84) -> 80 | C4: =COUNTIF('Field Tracker'!E5:E84,"Done") -> 0 | E4: =COUNTIF('Field Tracker'!E5:E84,"Advisor Needed") -> 0
A7: TOTAL FIELDS | C7: DONE | E7: ADVISOR NEEDED
A9: Overall Progress
A10: =COUNTIF('Field Tracker'!E5:E84,"Done")/COUNTA('Field Tracker'!D5:D84) -> 0 | B10: ="of 80 fields complete · "&COUNTIF('Field Tracker'!E5:E84,"Done")&" done · "&(80-COUNTIF('Field Tracker'!E5:E84,"Done"))&" remaining" -> of 80 fields complete · 0 done · 80 remaining
A12: By Owner
A13: Owner | B13: Total | C13: Done | D13: In Progress | E13: Advisor | F13: % Complete
A14: Hisham | B14: =COUNTIF('Field Tracker'!B5:B84,"Hisham") -> 25 | C14: =COUNTIFS('Field Tracker'!B5:B84,"Hisham",'Field Tracker'!E5:E84,"Done") -> 0 | D14: =COUNTIFS('Field Tracker'!B5:B84,"Hisham",'Field Tracker'!E5:E84,"<>Done",'Field Tracker'!E5:E84,"<>Not Started") -> 0 | E14: =COUNTIFS('Field Tracker'!B5:B84,"Hisham",'Field Tracker'!E5:E84,"Advisor Needed") -> 0 | F14: =IFERROR(C14/B14,0) -> 0
A15: Ohoud | B15: =COUNTIF('Field Tracker'!B5:B84,"Ohoud") -> 25 | C15: =COUNTIFS('Field Tracker'!B5:B84,"Ohoud",'Field Tracker'!E5:E84,"Done") -> 0 | D15: =COUNTIFS('Field Tracker'!B5:B84,"Ohoud",'Field Tracker'!E5:E84,"<>Done",'Field Tracker'!E5:E84,"<>Not Started") -> 0 | E15: =COUNTIFS('Field Tracker'!B5:B84,"Ohoud",'Field Tracker'!E5:E84,"Advisor Needed") -> 0 | F15: =IFERROR(C15/B15,0) -> 0
A16: Nada | B16: =COUNTIF('Field Tracker'!B5:B84,"Nada") -> 15 | C16: =COUNTIFS('Field Tracker'!B5:B84,"Nada",'Field Tracker'!E5:E84,"Done") -> 0 | D16: =COUNTIFS('Field Tracker'!B5:B84,"Nada",'Field Tracker'!E5:E84,"<>Done",'Field Tracker'!E5:E84,"<>Not Started") -> 0 | E16: =COUNTIFS('Field Tracker'!B5:B84,"Nada",'Field Tracker'!E5:E84,"Advisor Needed") -> 0 | F16: =IFERROR(C16/B16,0) -> 0
A17: Kamal | B17: =COUNTIF('Field Tracker'!B5:B84,"Kamal") -> 15 | C17: =COUNTIFS('Field Tracker'!B5:B84,"Kamal",'Field Tracker'!E5:E84,"Done") -> 0 | D17: =COUNTIFS('Field Tracker'!B5:B84,"Kamal",'Field Tracker'!E5:E84,"<>Done",'Field Tracker'!E5:E84,"<>Not Started") -> 0 | E17: =COUNTIFS('Field Tracker'!B5:B84,"Kamal",'Field Tracker'!E5:E84,"Advisor Needed") -> 0 | F17: =IFERROR(C17/B17,0) -> 0
A19: By Phase
A20: Phase | B20: Count | C20: % of Total
A21: 1 Drafting | B21: =COUNTIF('Field Tracker'!F5:F84,"1 Drafting") -> 80 | C21: =B21/80 -> 1
A22: 2 Cross-Review | B22: =COUNTIF('Field Tracker'!F5:F84,"2 Cross-Review") -> 0 | C22: =B22/80 -> 0
A23: 3 Integration | B23: =COUNTIF('Field Tracker'!F5:F84,"3 Integration") -> 0 | C23: =B23/80 -> 0
A24: 4 Advisor | B24: =COUNTIF('Field Tracker'!F5:F84,"4 Advisor") -> 0 | C24: =B24/80 -> 0
A25: 5 YAML Conversion | B25: =COUNTIF('Field Tracker'!F5:F84,"5 YAML Conversion") -> 0 | C25: =B25/80 -> 0
A27: By Status
A28: Status | B28: Count | C28: % of Total
A29: Not Started | B29: =COUNTIF('Field Tracker'!E5:E84,"Not Started") -> 80 | C29: =B29/80 -> 1
A30: Drafting | B30: =COUNTIF('Field Tracker'!E5:E84,"Drafting") -> 0 | C30: =B30/80 -> 0
A31: Self-Review | B31: =COUNTIF('Field Tracker'!E5:E84,"Self-Review") -> 0 | C31: =B31/80 -> 0
A32: Cross-Review | B32: =COUNTIF('Field Tracker'!E5:E84,"Cross-Review") -> 0 | C32: =B32/80 -> 0
A33: Integration | B33: =COUNTIF('Field Tracker'!E5:E84,"Integration") -> 0 | C33: =B33/80 -> 0
A34: Advisor Needed | B34: =COUNTIF('Field Tracker'!E5:E84,"Advisor Needed") -> 0 | C34: =B34/80 -> 0
A35: Done | B35: =COUNTIF('Field Tracker'!E5:E84,"Done") -> 0 | C35: =B35/80 -> 0

Sheet Field Tracker
A1: Saudi Cultural Specification — 80-Field Tracker
A2: Lead: Mohammed Rabie · Target ship: 5 weeks from kickoff · Field names are starting points — rename, merge, or split as the team learns
A4: # | B4: Owner | C4: Topic Area | D4: Field Name (suggested — adapt freely) | E4: Status | F4: Phase | G4: Quality Gate | H4: Confidence | I4: Notes / Blockers
A5: 1 | B5: Hisham | C5: Wardrobe | D5: Thobe variants by setting (work, majlis, mosque, wedding, beach) | E5: Not Started | F5: 1 Drafting | G5: Pending | H5: experimental
A6: 2 | B6: Hisham | C6: Wardrobe | D6: Abaya conventions by brand tier and setting | E6: Not Started | F6: 1 Drafting | G6: Pending | H6: experimental
A7: 3 | B7: Hisham | C7: Wardrobe | D7: Bisht rules — when worn, how draped, who wears it | E7: Not Started | F7: 1 Drafting | G7: Pending | H7: experimental
A8: 4 | B8: Hisham | C8: Wardrobe | D8: Ghutra and shemagh styling (red vs white, occasions) | E8: Not Started | F8: 1 Drafting | G8: Pending | H8: experimental
A9: 5 | B9: Hisham | C9: Wardrobe | D9: Footwear conventions and forbidden styles | E9: Not Started | F9: 1 Drafting | G9: Pending | H9: experimental
A10: 6 | B10: Hisham | C10: Wardrobe | D10: Accessories — authentic markers vs. costume markers | E10: Not Started | F10: 1 Drafting | G10: Pending | H10: experimental
A11: 7 | B11: Hisham | C11: Wardrobe | D11: Wardrobe restrictions by occasion (Ramadan, Eid, funeral) | E11: Not Started | F11: 1 Drafting | G11: Pending | H11: experimental
A12: 8 | B12: Hisham | C12: Gestures | D12: Right-hand rules (serving food, handing items, eating) | E12: Not Started | F12: 1 Drafting | G12: Pending | H12: experimental
A13: 9 | B13: Hisham | C13: Gestures | D13: Forbidden gestures and what they signal | E13: Not Started | F13: 1 Drafting | G13: Pending | H13: experimental
A14: 10 | B14: Hisham | C14: Gestures | D14: Eye contact norms in mixed-gender settings | E14: Not Started | F14: 1 Drafting | G14: Pending | H14: experimental
A15: 11 | B15: Hisham | C15: Gestures | D15: Hand positions in formal photos | E15: Not Started | F15: 1 Drafting | G15: Pending | H15: experimental
A16: 12 | B16: Hisham | C16: Gestures | D16: Body posture conventions (sitting, standing, walking) | E16: Not Started | F16: 1 Drafting | G16: Pending | H16: experimental
... A84: 80 | B84: Kamal | C84: Mistakes | D84: Common Arab agency mistakes in Saudi | E84: Not Started | F84: 1 Drafting | G84: Pending | H84: experimental

Sheet Phase Calendar
A1: 5-Week Phase Calendar
A2: Set the kickoff date in B3 and the weekly milestones auto-calculate.
A3: Kickoff date: | B3: 2026-05-19
A5: Week | B5: Phase | C5: Dates | D5: Milestones
A6: Week 1 | B6: 1 Drafting | C6: =TEXT($B$3+0,"D MMM")&" – "&TEXT($B$3+0+6,"D MMM YYYY") -> 19 May – 25 May 2026 | D6: Individual drafting. 6 fields/person/day. Plain prose, not YAML.
A7: Week 2 | B7: 2 Cross-Review | C7: =TEXT($B$3+7,"D MMM")&" – "&TEXT($B$3+7+6,"D MMM YYYY") -> 26 May – 1 Jun 2026 | D7: Each person reads 2 others. Flags contradictions, vagueness, gaps. Rabie collates.
A8: Week 3 | B8: 3 Integration | C8: =TEXT($B$3+14,"D MMM")&" – "&TEXT($B$3+14+6,"D MMM YYYY") -> 2 Jun – 8 Jun 2026 | D8: Half-day session (all 5). Resolve contradictions. Identify advisor-needed fields.
A9: Week 4 | B9: 4 Advisor | C9: =TEXT($B$3+21,"D MMM")&" – "&TEXT($B$3+21+6,"D MMM YYYY") -> 9 Jun – 15 Jun 2026 | D9: Cultural Advisor session. Structured interview on specific fields. Rabie hosts.
A10: Week 5 | B10: 5 YAML Conversion | C10: =TEXT($B$3+28,"D MMM")&" – "&TEXT($B$3+28+6,"D MMM YYYY") -> 16 Jun – 22 Jun 2026 | D10: Rabie converts to YAML. Final read-through. Ship as v1 to repo.

Sheet Advisor Queue
A1: Cultural Advisor Queue
A2: Fields flagged Advisor Needed in the Field Tracker show here. Filter by clicking the header arrows.
A4: # | B4: Owner | C4: Topic | D4: Field Name | E4: Notes / Blockers | F4: Status (for filter)
A5: ='Field Tracker'!A5 -> 1 | B5: ='Field Tracker'!B5 -> Hisham | C5: ='Field Tracker'!C5 -> Wardrobe | D5: ='Field Tracker'!D5 -> Thobe variants by setting (work, majlis, mosque, wedding, beach) | E5: ='Field Tracker'!I5 -> 0 | F5: ='Field Tracker'!E5 -> Not Started
A6: ='Field Tracker'!A6 -> 2 | B6: ='Field Tracker'!B6 -> Hisham | C6: ='Field Tracker'!C6 -> Wardrobe | D6: ='Field Tracker'!D6 -> Abaya conventions by brand tier and setting | E6: ='Field Tracker'!I6 -> 0 | F6: ='Field Tracker'!E6 -> Not Started
A7: ='Field Tracker'!A7 -> 3 | B7: ='Field Tracker'!B7 -> Hisham | C7: ='Field Tracker'!C7 -> Wardrobe | D7: ='Field Tracker'!D7 -> Bisht rules — when worn, how draped, who wears it | E7: ='Field Tracker'!I7 -> 0 | F7: ='Field Tracker'!E7 -> Not Started
A8: ='Field Tracker'!A8 -> 4 | B8: ='Field Tracker'!B8 -> Hisham | C8: ='Field Tracker'!C8 -> Wardrobe | D8: ='Field Tracker'!D8 -> Ghutra and shemagh styling (red vs white, occasions) | E8: ='Field Tracker'!I8 -> 0 | F8: ='Field Tracker'!E8 -> Not Started
A9: ='Field Tracker'!A9 -> 5 | B9: ='Field Tracker'!B9 -> Hisham | C9: ='Field Tracker'!C9 -> Wardrobe | D9: ='Field Tracker'!D9 -> Footwear conventions and forbidden styles | E9: ='Field Tracker'!I9 -> 0 | F9: ='Field Tracker'!E9 -> Not Started
A10: ='Field Tracker'!A10 -> 6 | B10: ='Field Tracker'!B10 -> Hisham | C10: ='Field Tracker'!C10 -> Wardrobe | D10: ='Field Tracker'!D10 -> Accessories — authentic markers vs. costume markers | E10: ='Field Tracker'!I10 -> 0 | F10: ='Field Tracker'!E10 -> Not Started
A11: ='Field Tracker'!A11 -> 7 | B11: ='Field Tracker'!B11 -> Hisham | C11: ='Field Tracker'!C11 -> Wardrobe | D11: ='Field Tracker'!D11 -> Wardrobe restrictions by occasion (Ramadan, Eid, funeral) | E11: ='Field Tracker'!I11 -> 0 | F11: ='Field Tracker'!E11 -> Not Started
A12: ='Field Tracker'!A12 -> 8 | B12: ='Field Tracker'!B12 -> Hisham | C12: ='Field Tracker'!C12 -> Gestures | D12: ='Field Tracker'!D12 -> Right-hand rules (serving food, handing items, eating) | E12: ='Field Tracker'!I12 -> 0 | F12: ='Field Tracker'!E12 -> Not Started
A13: ='Field Tracker'!A13 -> 9 | B13: ='Field Tracker'!B13 -> Hisham | C13: ='Field Tracker'!C13 -> Gestures | D13: ='Field Tracker'!D13 -> Forbidden gestures and what they signal | E13: ='Field Tracker'!I13 -> 0 | F13: ='Field Tracker'!E13 -> Not Started
A14: ='Field Tracker'!A14 -> 10 | B14: ='Field Tracker'!B14 -> Hisham | C14: ='Field Tracker'!C14 -> Gestures | D14: ='Field Tracker'!D14 -> Eye contact norms in mixed-gender settings | E14: ='Field Tracker'!I14 -> 0 | F14: ='Field Tracker'!E14 -> Not Started
A15: ='Field Tracker'!A15 -> 11 | B15: ='Field Tracker'!B15 -> Hisham | C15: ='Field Tracker'!C15 -> Gestures | D15: ='Field Tracker'!D15 -> Hand positions in formal photos | E15: ='Field Tracker'!I15 -> 0 | F15: ='Field Tracker'!E15 -> Not Started
A16: ='Field Tracker'!A16 -> 12 | B16: ='Field Tracker'!B16 -> Hisham | C16: ='Field Tracker'!C16 -> Gestures | D16: ='Field Tracker'!D16 -> Body posture conventions (sitting, standing, walking) | E16: ='Field Tracker'!I16 -> 0 | F16: ='Field Tracker'!E16 -> Not Started
... A84: ='Field Tracker'!A84 -> 80 | B84: ='Field Tracker'!B84 -> Kamal | C84: ='Field Tracker'!C84 -> Mistakes | D84: ='Field Tracker'!D84 -> Common Arab agency mistakes in Saudi | E84: ='Field Tracker'!I84 -> 0 | F84: ='Field Tracker'!E84 -> Not Started
A86: TIP: Click the arrow in the 'Status (for filter)' header above and select 'Advisor Needed' to see only those rows.

Sheet Quality Bar
A1: Quality Bar — Two Tests Every Field Must Pass
A2: Before marking a field Done, verify it passes both. If either fails, send back for revision.
A4: Test 1 — Specificity
A5: Could this field be written about any Arab country, or is it specifically Saudi?
A6: If it could apply anywhere → not done. Send back. Sharpen with Saudi specifics: place names, brand names, dialect words, occasions, gestures, rules.
A8: Test 2 — Competitor
A9: Could a senior creative at a generic agency write this field by Googling for 30 minutes?
A10: If yes → not deep enough. Add the specific knowledge that you know and Google does not — set knowledge, client war stories, on-the-ground experience, named examples.
A12: Verdict
A13: If a field passes both tests, it ships. Set Quality Gate = Passed Both Tests on the Field Tracker.
A15: Field Format — How to Write Each Entry
A16: FIELD NAME | B16: (one line)
A17: WHAT IT IS | B17: (1–3 sentences plain English)
A18: THE RULE | B18: (the specific rule or convention)
A19: WHY IT MATTERS | B19: (1 sentence about what breaks if this is wrong)
A20: REAL EXAMPLES | B20: (2–3 concrete examples — campaigns, brands, situations)
A21: COMMON MISTAKE | B21: (the specific mistake competitors make on this field)

Sheet Instructions
A1: How to use this tracker
A3: FOR THE TEAM
A4: 1. | B4: Go to the Field Tracker tab. Each row is one field. Filter by your own name (Hisham, Ohoud, Nada, Kamal) in the Owner column to see only yours.
A5: 2. | B5: Change Status as you progress: Not Started → Drafting → Self-Review → Cross-Review → Done. Each row will color-code itself.
A6: 3. | B6: If a field is genuinely outside your expertise, set Status = Advisor Needed. Rabie will queue it for the Cultural Advisor session.
A7: 4. | B7: Write your actual content in a separate Google Doc, not in this sheet. This sheet tracks progress. The Doc holds the work.
A8: 5. | B8: Use the Notes / Blockers column for anything Rabie should know: contradictions, dependencies, sources you need.
A10: FOR RABIE
A11: · | B11: The Dashboard tab updates live as the team changes statuses. Check it daily during Weeks 1–2.
A12: · | B12: The Phase Calendar tab shows the 5-week timeline. Set the kickoff date in B3 and dates auto-calculate.
A13: · | B13: The Advisor Queue tab lists fields that need outside expertise — filter the Status column to 'Advisor Needed' to see only those rows. Use this list to brief the Cultural Advisor in Week 4.
A14: · | B14: The Quality Bar tab is the two-test checklist. Verify every field passes both before marking Done.
A15: · | B15: Field names in column D are STARTING POINTS. Encourage the team to rename, merge, or split as they learn what the spec actually needs.
A17: THE HARD RULE
A18: ⚠ | B18: No AI use for drafting fields. See the Project Brief. The only allowed AI use is Arabic spell-check after writing.
A19: ⚠ | B19: If a field is filled in by AI, the moat collapses silently. Read the brief. Hold the line.
A21: STATUS LEGEND
A22: Not Started | B22: Field hasn't been touched yet.
A23: Drafting | B23: Owner is actively writing the first draft.
A24: Self-Review | B24: Owner is reviewing their own draft before sharing.
A25: Cross-Review | B25: Two other team members are reading and flagging.
A26: Integration | B26: Came up in the integration session — being resolved.
A27: Advisor Needed | B27: Team can't confidently fill this — Cultural Advisor required.
A28: Done | B28: Passed both Quality Bar tests. Ready for YAML conversion.
